county_name,total_population,percent_under_18,median_household_income,poverty_rate,unemployment_rate,broadband_internet_rate,GEOID,county_clean,state_name,target_population_indicator,economic_barrier_indicator,employment_barrier_indicator,income_barrier_indicator,digital_access_barrier_indicator,market_outreach_opportunity_score,opportunity_category,population_size_category
"Oglala Lakota County, South Dakota",13491.0,35.4,41417.0,57.6,16.4,70.2,46102,Oglala Lakota County,South Dakota,0.9974546611517658,1.0,0.9961819917276488,0.9700922685332485,0.9826598790964047,98.92777601018136,High opportunity for deeper review,Small county
"Todd County, South Dakota",9244.0,38.8,42075.0,48.4,18.7,75.2,46121,Todd County,South Dakota,0.9990454979319122,0.9996818326439707,0.9980909958638243,0.962456251988546,0.9525930639516386,98.23735284759782,High opportunity for deeper review,Small county
"Leflore County, Mississippi",27141.0,27.3,35277.0,31.5,11.6,69.3,28083,Leflore County,Mississippi,0.9486159720012727,0.9847279669105949,0.9847279669105949,0.9910913140311804,0.9852052179446389,97.88736875596564,High opportunity for deeper review,Small county
"Buffalo County, South Dakota",1808.0,39.2,47045.0,33.9,10.8,68.7,46017,Buffalo County,South Dakota,0.9993636652879414,0.9931594018453707,0.9796372892141266,0.9204581609926822,0.9879096404708877,97.61056315622018,High opportunity for deeper review,Small county
"Jackson County, South Dakota",2802.0,32.9,35417.0,42.4,7.2,62.7,46071,Jackson County,South Dakota,0.9922048997772829,0.9987273305758829,0.8919821826280624,0.9904549793191219,0.9971364937957365,97.41011772192174,High opportunity for deeper review,Small county
"Starr County, Texas",66067.0,32.5,37639.0,33.5,10.4,78.6,48427,Starr County,Texas,0.9910913140311804,0.9925230671333122,0.9766146993318485,0.9844097995545658,0.9051861279032771,96.99650015908368,High opportunity for deeper review,Medium county
"Apache County, Arizona",65341.0,26.0,41438.0,30.5,10.7,60.0,4001,Apache County,Arizona,0.9167992363983455,0.9809099586382437,0.9785237034680242,0.9697741011772192,0.9984091632198536,96.88832325803372,High opportunity for deeper review,Medium county
"Humphreys County, Mississippi",7395.0,25.2,33731.0,27.0,12.5,65.3,28053,Humphreys County,Mississippi,0.8736875596563792,0.9661151765828826,0.9891823098950048,0.9936366528794146,0.9926821508113267,96.30607699650015,High opportunity for deeper review,Small county
"Sioux County, North Dakota",3740.0,34.0,42083.0,43.3,17.0,80.6,38085,Sioux County,North Dakota,0.9949093223035317,0.9990454979319122,0.9974546611517658,0.9621380846325167,0.8596881959910914,96.26471524021636,High opportunity for deeper review,Small county
"Tunica County, Mississippi",9475.0,27.7,39364.0,31.1,13.3,78.7,28143,Tunica County,Mississippi,0.9538657333757556,0.9831371301304486,0.9922048997772829,0.9793191218580973,0.9032771237671015,96.23608017817371,High opportunity for deeper review,Small county
"Dimmit County, Texas",8380.0,26.0,38808.0,41.1,8.4,73.9,48127,Dimmit County,Texas,0.9167992363983455,0.9980909958638243,0.9389118676423799,0.9818644607063315,0.965478841870824,96.0229080496341,High opportunity for deeper review,Small county
"McKinley County, New Mexico",70431.0,27.1,47668.0,33.2,9.0,64.8,35031,McKinley County,New Mexico,0.9452752147629653,0.9907731466751512,0.9513203945275215,0.9169583200763601,0.9933184855233853,95.95291123130767,High opportunity for deeper review,Medium county
"Coahoma County, Mississippi",20540.0,27.0,37461.0,35.5,9.9,79.0,28027,Coahoma County,Mississippi,0.9433662106267897,0.9949093223035317,0.9700922685332485,0.9856824689786828,0.8965956092904868,95.81291759465479,High opportunity for deeper review,Small county
"Holmes County, Mississippi",16191.0,24.5,32538.0,36.4,9.5,68.2,28051,Holmes County,Mississippi,0.8227807826916959,0.9955456570155902,0.9634107540566338,0.9955456570155902,0.9888641425389755,95.32293986636971,High opportunity for deeper review,Small county
"Phillips County, Arkansas",15450.0,26.2,40134.0,29.3,14.5,79.3,5107,Phillips County,Arkansas,0.9230034998409163,0.9769328666878778,0.9945911549475024,0.9751829462297168,0.8911867642379891,95.21794463888007,High opportunity for deeper review,Small county
"Zapata County, Texas",13841.0,31.6,39239.0,38.4,7.3,79.4,48505,Zapata County,Texas,0.9883868915049316,0.9968183264397072,0.8978682787146038,0.9805917912822144,0.8891186764237989,95.05567928730511,High opportunity for deeper review,Small county
"Bennett County, South Dakota",3345.0,35.1,53750.0,29.9,10.0,65.2,46007,Bennett County,South Dakota,0.9965001590836781,0.9788418708240535,0.9721603563474388,0.8098950047725103,0.993000318167356,95.00795418390074,High opportunity for deeper review,Small county
"Noxubee County, Mississippi",10025.0,25.1,33833.0,26.3,8.6,69.8,28103,Noxubee County,Mississippi,0.8657333757556475,0.9621380846325167,0.9430480432707604,0.993000318167356,0.9837734648425072,94.95386573337574,High opportunity for deeper review,Small county
"Randolph County, Georgia",6196.0,27.0,28380.0,30.0,10.9,81.5,13243,Randolph County,Georgia,0.9433662106267897,0.979478205536112,0.981228125994273,0.9993636652879414,0.8324848870505887,94.7184218899141,High opportunity for deeper review,Small county
"Duval County, Texas",9742.0,25.2,49038.0,33.3,11.0,68.9,48131,Duval County,Texas,0.8736875596563792,0.9917276487432389,0.9823417117403754,0.8991409481387209,0.9871142220808146,94.68024180719057,High opportunity for deeper review,Small county
"Mellette County, South Dakota",1943.0,28.7,54076.0,41.7,12.5,74.4,46095,Mellette County,South Dakota,0.9651606745147948,0.9984091632198536,0.9891823098950048,0.804327076041998,0.9605472478523703,94.35252943048043,High opportunity for deeper review,Small county
"Dillon County, South Carolina",27862.0,25.3,46605.0,27.7,9.0,70.4,45033,Dillon County,South Carolina,0.8813235762010818,0.96945593382119,0.9513203945275215,0.9271396754692969,0.9821826280623608,94.22844416162903,High opportunity for deeper review,Small county
"Jim Hogg County, Texas",4727.0,32.3,42211.0,31.4,6.3,76.3,48247,Jim Hogg County,Texas,0.9906140629971365,0.9842507158765511,0.8251670378619154,0.9608654152083996,0.9412981228125994,94.04390709513206,High opportunity for deeper review,Small county
"Rosebud County, Montana",8165.0,28.3,49914.0,24.5,10.6,77.4,30087,Rosebud County,Montana,0.9611835825644289,0.9443207126948775,0.9778873687559656,0.8825962456251989,0.926185173401209,93.8434616608336,High opportunity for deeper review,Small county
"Evangeline Parish, Louisiana",32060.0,25.7,41915.0,24.3,9.8,78.7,22039,Evangeline Parish,Louisiana,0.904390709513204,0.941457206490614,0.967706013363029,0.9643652561247216,0.9032771237671015,93.6239261851734,High opportunity for deeper review,Small county
"Turner County, Georgia",8939.0,25.0,36799.0,20.3,12.2,72.6,13287,Turner County,Georgia,0.8584155265669742,0.858097359210945,0.987750556792873,0.9872733057588291,0.9727966910594973,93.28666878778238,High opportunity for deeper review,Small county
"Roosevelt County, Montana",10526.0,32.9,57063.0,30.4,10.8,74.1,30085,Roosevelt County,Montana,0.9922048997772829,0.9805917912822144,0.9796372892141266,0.7391027680559974,0.9642061724467069,93.11485841552656,High opportunity for deeper review,Small county
"Desha County, Arkansas",10786.0,24.9,37662.0,28.3,8.0,78.0,5041,Desha County,Arkansas,0.8523703468024181,0.9727966910594973,0.9266624244352529,0.9837734648425072,0.9171174037543748,93.054406617881,High opportunity for deeper review,Small county
"Washington County, Mississippi",42765.0,25.6,42165.0,26.4,6.3,50.2,28151,Washington County,Mississippi,0.900413617562838,0.9634107540566338,0.8251670378619154,0.9615017499204581,0.9992045816099269,92.99395482023544,High opportunity for deeper review,Small county
"Kusilvak Census Area, Alaska",8176.0,42.1,51471.0,32.4,19.8,82.5,2158,Kusilvak Census Area,Alaska,1.0,0.987750556792873,0.9987273305758829,0.8568246897868279,0.793032134902959,92.72669424117088,High opportunity for deeper review,Small county
"St. Landry Parish, Louisiana",81670.0,26.6,44462.0,26.8,6.3,74.3,22097,St. Landry Parish,Louisiana,0.9339802736239262,0.9648425071587655,0.8251670378619154,0.947184218899141,0.9616608335984728,92.65669742284443,High opportunity for deeper review,Medium county
"Quitman County, Mississippi",5774.0,23.1,32412.0,29.6,12.4,66.5,28119,Quitman County,Mississippi,0.6719694559338212,0.9778873687559656,0.988227807826917,0.9961819917276488,0.9909322303531658,92.50397709195039,High opportunity for deeper review,Small county
"Sharkey County, Mississippi",3872.0,23.3,40000.0,30.9,9.1,48.6,28125,Sharkey County,Mississippi,0.6998090995863825,0.9821826280623608,0.9540248170537703,0.9764556156538339,0.9996818326439707,92.24307986000635,High opportunity for deeper review,Small county
"Bolivar County, Mississippi",29534.0,24.6,39585.0,32.6,7.1,77.9,28011,Bolivar County,Mississippi,0.8321667196945594,0.9888641425389755,0.8864142538975501,0.9783646197900095,0.9188673242125358,92.0935412026726,High opportunity for deeper review,Small county
"Lawrence County, Mississippi",11786.0,24.4,43531.0,23.7,9.2,75.6,28077,Lawrence County,Mississippi,0.8132357620108177,0.933184855233853,0.9567292395800191,0.9538657333757556,0.947184218899141,92.08399618199172,High opportunity for deeper review,Small county
"Harding County, New Mexico",741.0,25.4,48553.0,19.4,15.3,71.7,35021,Harding County,New Mexico,0.8884823417117403,0.8313713013044861,0.995227489659561,0.9080496341075406,0.97597836461979,91.98218262806236,High opportunity for deeper review,Small county
"Franklin Parish, Louisiana",19408.0,24.8,47020.0,24.1,8.2,76.0,22041,Franklin Parish,Louisiana,0.8461660833598473,0.9379573655742921,0.9342984409799554,0.92141266306077,0.9444797963728921,91.68628698695514,High opportunity for deeper review,Small county
"Adair County, Oklahoma",19575.0,26.1,48041.0,21.5,6.9,71.1,40001,Adair County,Oklahoma,0.9206172446706968,0.8897550111358574,0.875119312758511,0.9125039770919504,0.9793191218580973,91.54629335030225,High opportunity for deeper review,Small county
"Jeff Davis County, Georgia",14924.0,25.6,40283.0,21.8,6.7,76.6,13161,Jeff Davis County,Georgia,0.900413617562838,0.8985046134266624,0.861119949093223,0.9745466115176583,0.9376391982182628,91.4444797963729,High opportunity for deeper review,Small county
"Glacier County, Montana",13637.0,30.3,46875.0,31.1,10.0,84.0,30035,Glacier County,Montana,0.9793191218580973,0.9831371301304486,0.9721603563474388,0.9220489977728286,0.7134902958956411,91.4031180400891,High opportunity for deeper review,Small county
"Presidio County, Texas",5930.0,25.6,43802.0,32.0,6.7,80.4,48377,Presidio County,Texas,0.900413617562838,0.9858415526566974,0.861119949093223,0.9525930639516386,0.8655742920776328,91.31084950684058,High opportunity for deeper review,Small county
"Washington Parish, Louisiana",45120.0,23.7,45380.0,24.3,9.9,74.2,22117,Washington Parish,Louisiana,0.7476932866687878,0.941457206490614,0.9700922685332485,0.9389118676423799,0.9629335030225898,91.22176264715239,High opportunity for deeper review,Small county
"Corson County, South Dakota",3806.0,35.3,46406.0,44.2,23.5,85.1,46031,Corson County,South Dakota,0.9971364937957365,0.9993636652879414,0.999522748965956,0.9280941775373847,0.636652879414572,91.2153993000318,High opportunity for deeper review,Small county
"Robeson County, North Carolina",116902.0,25.8,41978.0,27.2,6.0,77.6,37155,Robeson County,North Carolina,0.9085268851415845,0.9675469296850143,0.7971683105313395,0.9630925867006045,0.9234807508749603,91.19630925867007,High opportunity for deeper review,Medium county
"Dallas County, Alabama",36858.0,23.6,35627.0,31.0,11.0,80.5,1047,Dallas County,Alabama,0.7367165128857779,0.9825007954183901,0.9823417117403754,0.9898186446070634,0.8622335348393255,91.07222398981864,High opportunity for deeper review,Small county
"Yazoo County, Mississippi",24835.0,22.9,39295.0,30.8,9.7,73.1,28163,Yazoo County,Mississippi,0.6455615653833917,0.9818644607063315,0.9657970092268533,0.9799554565701559,0.9699331848552338,90.86223353483932,High opportunity for deeper review,Small county
"Maverick County, Texas",58082.0,30.8,49568.0,22.8,7.7,81.4,48323,Maverick County,Texas,0.9828189627744194,0.9185491568565065,0.9172764874323894,0.8883232580337257,0.8358256442888959,90.85587018771874,High opportunity for deeper review,Medium county
"Acadia Parish, Louisiana",56955.0,26.0,45562.0,25.0,7.7,81.9,22001,Acadia Parish,Louisiana,0.9167992363983455,0.9511613108495068,0.9172764874323894,0.9373210308622335,0.8194400254533885,90.83996181991726,High opportunity for deeper review,Medium county
"Madison Parish, Louisiana",9513.0,25.6,35456.0,34.5,5.5,77.8,22065,Madison Parish,Louisiana,0.900413617562838,0.9942729875914731,0.7265351574928413,0.9901368119630926,0.9206172446706968,90.63951638561883,High opportunity for deeper review,Small county
"Navajo County, Arizona",108415.0,25.2,54606.0,24.7,8.8,74.2,4017,Navajo County,Arizona,0.8736875596563792,0.947184218899141,0.9470251352211263,0.79478205536112,0.9629335030225898,90.51224944320711,High opportunity for deeper review,Medium county
