path,bytes,sha256
scripts/07_final_model_enhancements.py,21723,e9006b481274e245cc0c1e8602d0e3a1edd3ba4bd99a755d9b530f06f4e26b97
config/nonprofit_customization_profiles.csv,1388,7d2c2595df079dbe9382000672ac8bf14838f6ef9a3df506d340249511218968
data/cleaned/customized_opportunity_scores_by_profile.csv,1981864,9b80fb71138918c70a1714d2f9ca1d6cd9718c21559a3744e662efba55977fdc
recommendations/customized_nonprofit_recommendations.csv,14503,e698d82b7685e7e5fc14c108664cbfc09306ed3d9e9076aaeeca7659ef3fa1b7
visuals/final_color_coded_opportunity_scatter.png,685585,e91cc2df7a8127d550517c618f9f80e8830061fafec23caaece19a758b019372
visuals/final_color_coded_variable_framework.png,188618,1f98ef7f9f1799eeb710def3619c390c4db014bbc78b6e16c5525bf60deda686
visuals/final_customized_score_comparison_top5.png,153625,87dba28964be4dcbefa96826d894654942c3219a02b7533fe124074617536d56
visuals/final_linear_vs_nonlinear_income_broadband.png,570057,5635cfba4f3a01e0775a70e5d28f1b30539b6106bdc2702b8834532b3f8821e2
visuals/final_linear_vs_nonlinear_income_poverty.png,534619,cfd4ea2adb72cbb52389607bb7ba1bfa14056eba97987f07f94e7c269bf351f4
visuals/final_linear_vs_nonlinear_poverty_broadband.png,668446,2ad4db8bea87e286c57a33c41f89468cb843ab50fcbb80a6b3386fc40df30146
visuals/final_linear_vs_nonlinear_unemployment_poverty.png,593345,d38098b1477e50c6686d811bca19fd1b3b3bf7d5285125d1e0f6b9fab3bd8873
visuals/final_multiple_regression_coefficients.png,161321,be57f3274e5c96a9e0e89c8c9a4ad553ee0f6ef380cbe4fea49e5b4f56f3a08b
reports/final_multiple_regression_results.csv,2348,1d3896b1761186d6188288c30456e80385876af94295eaa2802925e3545da7c1
reports/final_nonlinear_regression_comparison.csv,1320,72c240b0acd50b8de15c2193d2df2339ab1bb88614f248810f73f248144ac643
reports/final_model_enhancement_summary.md,4798,27f38372326adfc529e40b6bbde46d7cdac359e3233de573acb626ebbdf23a44
