profile_name,county_name,score,why_flagged,suggested_next_step
Be Kind 5 Prototype,"Oglala Lakota County, South Dakota",98.99,High customized opportunity score based on profile-specific weights.,"Review local partners, validate need with interviews, and customize outreach materials before campaign launch."
Be Kind 5 Prototype,"Jackson County, South Dakota",98.41,High customized opportunity score based on profile-specific weights.,"Review local partners, validate need with interviews, and customize outreach materials before campaign launch."
Be Kind 5 Prototype,"Todd County, South Dakota",98.19,High customized opportunity score based on profile-specific weights.,"Review local partners, validate need with interviews, and customize outreach materials before campaign launch."
Be Kind 5 Prototype,"Buffalo County, South Dakota",98.18,High customized opportunity score based on profile-specific weights.,"Review local partners, validate need with interviews, and customize outreach materials before campaign launch."
Be Kind 5 Prototype,"Leflore County, Mississippi",97.32,High customized opportunity score based on profile-specific weights.,"Review local partners, validate need with interviews, and customize outreach materials before campaign launch."
Be Kind 5 Prototype,"Starr County, Texas",96.74,High customized opportunity score based on profile-specific weights.,"Review local partners, validate need with interviews, and customize outreach materials before campaign launch."
Be Kind 5 Prototype,"Bennett County, South Dakota",96.26,High customized opportunity score based on profile-specific weights.,"Review local partners, validate need with interviews, and customize outreach materials before campaign launch."
Be Kind 5 Prototype,"Apache County, Arizona",96.09,High customized opportunity score based on profile-specific weights.,"Review local partners, validate need with interviews, and customize outreach materials before campaign launch."
Be Kind 5 Prototype,"McKinley County, New Mexico",96.05,High customized opportunity score based on profile-specific weights.,"Review local partners, validate need with interviews, and customize outreach materials before campaign launch."
Be Kind 5 Prototype,"Sioux County, North Dakota",95.71,High customized opportunity score based on profile-specific weights.,"Review local partners, validate need with interviews, and customize outreach materials before campaign launch."
Community Services,"Oglala Lakota County, South Dakota",98.96,High customized opportunity score based on profile-specific weights.,"Review local partners, validate need with interviews, and customize outreach materials before campaign launch."
Community Services,"Todd County, South Dakota",98.52,High customized opportunity score based on profile-specific weights.,"Review local partners, validate need with interviews, and customize outreach materials before campaign launch."
Community Services,"Leflore County, Mississippi",98.28,High customized opportunity score based on profile-specific weights.,"Review local partners, validate need with interviews, and customize outreach materials before campaign launch."
Community Services,"Starr County, Texas",97.76,High customized opportunity score based on profile-specific weights.,"Review local partners, validate need with interviews, and customize outreach materials before campaign launch."
Community Services,"Sioux County, North Dakota",97.51,High customized opportunity score based on profile-specific weights.,"Review local partners, validate need with interviews, and customize outreach materials before campaign launch."
Community Services,"Tunica County, Mississippi",97.35,High customized opportunity score based on profile-specific weights.,"Review local partners, validate need with interviews, and customize outreach materials before campaign launch."
Community Services,"Apache County, Arizona",97.29,High customized opportunity score based on profile-specific weights.,"Review local partners, validate need with interviews, and customize outreach materials before campaign launch."
Community Services,"Humphreys County, Mississippi",97.22,High customized opportunity score based on profile-specific weights.,"Review local partners, validate need with interviews, and customize outreach materials before campaign launch."
Community Services,"Buffalo County, South Dakota",97.17,High customized opportunity score based on profile-specific weights.,"Review local partners, validate need with interviews, and customize outreach materials before campaign launch."
Community Services,"Coahoma County, Mississippi",97.14,High customized opportunity score based on profile-specific weights.,"Review local partners, validate need with interviews, and customize outreach materials before campaign launch."
Digital Outreach Heavy,"Oglala Lakota County, South Dakota",98.77,High customized opportunity score based on profile-specific weights.,"Review local partners, validate need with interviews, and customize outreach materials before campaign launch."
Digital Outreach Heavy,"Jackson County, South Dakota",98.49,High customized opportunity score based on profile-specific weights.,"Review local partners, validate need with interviews, and customize outreach materials before campaign launch."
Digital Outreach Heavy,"Buffalo County, South Dakota",98.0,High customized opportunity score based on profile-specific weights.,"Review local partners, validate need with interviews, and customize outreach materials before campaign launch."
Digital Outreach Heavy,"Leflore County, Mississippi",97.87,High customized opportunity score based on profile-specific weights.,"Review local partners, validate need with interviews, and customize outreach materials before campaign launch."
Digital Outreach Heavy,"Todd County, South Dakota",97.5,High customized opportunity score based on profile-specific weights.,"Review local partners, validate need with interviews, and customize outreach materials before campaign launch."
Digital Outreach Heavy,"Apache County, Arizona",97.32,High customized opportunity score based on profile-specific weights.,"Review local partners, validate need with interviews, and customize outreach materials before campaign launch."
Digital Outreach Heavy,"McKinley County, New Mexico",96.77,High customized opportunity score based on profile-specific weights.,"Review local partners, validate need with interviews, and customize outreach materials before campaign launch."
Digital Outreach Heavy,"Humphreys County, Mississippi",96.47,High customized opportunity score based on profile-specific weights.,"Review local partners, validate need with interviews, and customize outreach materials before campaign launch."
Digital Outreach Heavy,"Bennett County, South Dakota",96.2,High customized opportunity score based on profile-specific weights.,"Review local partners, validate need with interviews, and customize outreach materials before campaign launch."
Digital Outreach Heavy,"Dimmit County, Texas",96.04,High customized opportunity score based on profile-specific weights.,"Review local partners, validate need with interviews, and customize outreach materials before campaign launch."
Mental Health and Wellness,"Oglala Lakota County, South Dakota",99.0,High customized opportunity score based on profile-specific weights.,"Review local partners, validate need with interviews, and customize outreach materials before campaign launch."
Mental Health and Wellness,"Jackson County, South Dakota",98.45,High customized opportunity score based on profile-specific weights.,"Review local partners, validate need with interviews, and customize outreach materials before campaign launch."
Mental Health and Wellness,"Todd County, South Dakota",98.2,High customized opportunity score based on profile-specific weights.,"Review local partners, validate need with interviews, and customize outreach materials before campaign launch."
Mental Health and Wellness,"Buffalo County, South Dakota",98.15,High customized opportunity score based on profile-specific weights.,"Review local partners, validate need with interviews, and customize outreach materials before campaign launch."
Mental Health and Wellness,"Leflore County, Mississippi",97.5,High customized opportunity score based on profile-specific weights.,"Review local partners, validate need with interviews, and customize outreach materials before campaign launch."
Mental Health and Wellness,"Starr County, Texas",96.75,High customized opportunity score based on profile-specific weights.,"Review local partners, validate need with interviews, and customize outreach materials before campaign launch."
Mental Health and Wellness,"Apache County, Arizona",96.41,High customized opportunity score based on profile-specific weights.,"Review local partners, validate need with interviews, and customize outreach materials before campaign launch."
Mental Health and Wellness,"McKinley County, New Mexico",96.27,High customized opportunity score based on profile-specific weights.,"Review local partners, validate need with interviews, and customize outreach materials before campaign launch."
Mental Health and Wellness,"Bennett County, South Dakota",96.17,High customized opportunity score based on profile-specific weights.,"Review local partners, validate need with interviews, and customize outreach materials before campaign launch."
Mental Health and Wellness,"Sioux County, North Dakota",95.73,High customized opportunity score based on profile-specific weights.,"Review local partners, validate need with interviews, and customize outreach materials before campaign launch."
Mirror Echoes Prototype,"Oglala Lakota County, South Dakota",99.0,High customized opportunity score based on profile-specific weights.,"Review local partners, validate need with interviews, and customize outreach materials before campaign launch."
Mirror Echoes Prototype,"Jackson County, South Dakota",98.45,High customized opportunity score based on profile-specific weights.,"Review local partners, validate need with interviews, and customize outreach materials before campaign launch."
Mirror Echoes Prototype,"Todd County, South Dakota",98.2,High customized opportunity score based on profile-specific weights.,"Review local partners, validate need with interviews, and customize outreach materials before campaign launch."
Mirror Echoes Prototype,"Buffalo County, South Dakota",98.15,High customized opportunity score based on profile-specific weights.,"Review local partners, validate need with interviews, and customize outreach materials before campaign launch."
Mirror Echoes Prototype,"Leflore County, Mississippi",97.5,High customized opportunity score based on profile-specific weights.,"Review local partners, validate need with interviews, and customize outreach materials before campaign launch."
Mirror Echoes Prototype,"Starr County, Texas",96.75,High customized opportunity score based on profile-specific weights.,"Review local partners, validate need with interviews, and customize outreach materials before campaign launch."
Mirror Echoes Prototype,"Apache County, Arizona",96.41,High customized opportunity score based on profile-specific weights.,"Review local partners, validate need with interviews, and customize outreach materials before campaign launch."
Mirror Echoes Prototype,"McKinley County, New Mexico",96.27,High customized opportunity score based on profile-specific weights.,"Review local partners, validate need with interviews, and customize outreach materials before campaign launch."
Mirror Echoes Prototype,"Bennett County, South Dakota",96.17,High customized opportunity score based on profile-specific weights.,"Review local partners, validate need with interviews, and customize outreach materials before campaign launch."
Mirror Echoes Prototype,"Sioux County, North Dakota",95.73,High customized opportunity score based on profile-specific weights.,"Review local partners, validate need with interviews, and customize outreach materials before campaign launch."
Youth and Education Default,"Oglala Lakota County, South Dakota",98.94,High customized opportunity score based on profile-specific weights.,"Review local partners, validate need with interviews, and customize outreach materials before campaign launch."
Youth and Education Default,"Jackson County, South Dakota",98.41,High customized opportunity score based on profile-specific weights.,"Review local partners, validate need with interviews, and customize outreach materials before campaign launch."
Youth and Education Default,"Todd County, South Dakota",98.25,High customized opportunity score based on profile-specific weights.,"Review local partners, validate need with interviews, and customize outreach materials before campaign launch."
Youth and Education Default,"Buffalo County, South Dakota",97.81,High customized opportunity score based on profile-specific weights.,"Review local partners, validate need with interviews, and customize outreach materials before campaign launch."
Youth and Education Default,"Leflore County, Mississippi",97.53,High customized opportunity score based on profile-specific weights.,"Review local partners, validate need with interviews, and customize outreach materials before campaign launch."
Youth and Education Default,"Starr County, Texas",97.14,High customized opportunity score based on profile-specific weights.,"Review local partners, validate need with interviews, and customize outreach materials before campaign launch."
Youth and Education Default,"Apache County, Arizona",96.27,High customized opportunity score based on profile-specific weights.,"Review local partners, validate need with interviews, and customize outreach materials before campaign launch."
Youth and Education Default,"Sioux County, North Dakota",96.24,High customized opportunity score based on profile-specific weights.,"Review local partners, validate need with interviews, and customize outreach materials before campaign launch."
Youth and Education Default,"Zapata County, Texas",95.96,High customized opportunity score based on profile-specific weights.,"Review local partners, validate need with interviews, and customize outreach materials before campaign launch."
Youth and Education Default,"McKinley County, New Mexico",95.89,High customized opportunity score based on profile-specific weights.,"Review local partners, validate need with interviews, and customize outreach materials before campaign launch."
